extraction_date,source_records,valid_records,validation_issues,lot_count,test_item_count
2026-07-02,6401,6400,1,4,100
2026-07-03,6400,6400,0,4,100
2026-07-04,6403,6400,3,4,100
2026-07-05,6402,6400,2,4,100
2026-07-06,6401,6400,1,4,100
2026-07-07,6402,6400,2,4,100
2026-07-08,6401,6400,1,4,100
2026-07-09,6401,6400,1,4,100
2026-07-10,6402,6400,2,4,100
2026-07-11,6401,6400,1,4,100
2026-07-12,6400,6400,0,4,100
2026-07-13,6402,6400,2,4,100
2026-07-14,6403,6400,3,4,100
2026-07-15,6403,6400,3,4,100
2026-07-16,6402,6400,2,4,100
2026-07-17,6400,6400,0,4,100
2026-07-18,6400,6400,0,4,100
2026-07-19,6401,6400,1,4,100
2026-07-20,6402,6400,2,4,100
2026-07-21,6401,6400,1,4,100
2026-07-22,6401,6400,1,4,100
2026-07-23,4801,4800,1,3,100
2026-07-24,4800,4800,0,3,100
2026-07-25,4802,4800,2,3,100
2026-07-26,4800,4800,0,3,100
2026-07-27,4800,4800,0,3,100
2026-07-28,4801,4800,1,3,100
2026-07-29,4801,4800,1,3,100
2026-07-30,4801,4800,1,3,100
2026-07-31,16003,16000,3,10,100
