month,test_item,family,raw_count,iqr_filtered_count,IQR_removed_outliers,removed_percent,filtered_mean,filtered_stdev,current_lsl,current_usl,proposed_3s_lsl,proposed_3s_usl,proposed_4s_lsl,proposed_4s_usl,proposed_5s_lsl,proposed_5s_usl,proposed_6s_lsl,proposed_6s_usl,remarks
2026-07,CONT_TEST_pin1,CONT,1888,1886,2,0.001059322033898305,0.47887536289091664,0.021447898813125525,0.38280000000000003,0.5412,0.41453166645154005,0.5432190593302932,0.39308376763841457,0.5646669581434187,0.371635868825289,0.5861148569565443,0.3501879700121635,0.6075627557696698,FOR ENGG REVIEW
2026-07,CONT_TEST_pin10,CONT,1888,1883,5,0.0026483050847457626,0.5575002293903998,0.019870496731895167,0.49080000000000007,0.6492,0.49788873919471427,0.6171117195860852,0.4780182424628191,0.6369822163179805,0.4581477457309239,0.6568527130498756,0.43827724899902876,0.6767232097817708,FOR ENGG REVIEW
2026-07,CONT_TEST_pin11,CONT,1888,1884,4,0.00211864406779661,0.5699775067281745,0.0198748191149272,0.5028000000000001,0.6612,0.5103530493833929,0.6296019640729561,0.4904782302684657,0.6494767831878833,0.4706034111535385,0.6693516023028105,0.45072859203861126,0.6892264214177377,FOR ENGG REVIEW
2026-07,CONT_TEST_pin12,CONT,1888,1883,5,0.0026483050847457626,0.5822096530917863,0.020263856642569522,0.5148000000000001,0.6732,0.5214180831640778,0.6430012230194948,0.5011542265215082,0.6632650796620644,0.4808903698789387,0.683528936304634,0.46062651323636916,0.7037927929472034,FOR ENGG REVIEW
2026-07,CONT_TEST_pin13,CONT,1888,1876,12,0.006355932203389831,0.5936456722935313,0.01943683265048787,0.5267999999999999,0.6852,0.5353351743420677,0.6519561702449949,0.5158983416915798,0.6713930028954828,0.49646150904109193,0.6908298355459707,0.4770246763906041,0.7102666681964585,FOR ENGG REVIEW
2026-07,CONT_TEST_pin14,CONT,1888,1886,2,0.001059322033898305,0.6056720918964619,0.019650596805321312,0.5388,0.6972,0.546720301480498,0.6646238823124258,0.5270697046751767,0.6842744791177471,0.5074191078698553,0.7039250759230684,0.487768511064534,0.7235756727283897,FOR ENGG REVIEW
2026-07,CONT_TEST_pin15,CONT,1888,1877,11,0.005826271186440678,0.6299595884498075,0.011798574479985358,0.5508,0.7092,0.5945638650098514,0.6653553118897636,0.582765290529866,0.6771538863697489,0.5709667160498807,0.6889524608497343,0.5591681415698954,0.7007510353297196,FOR ENGG REVIEW
2026-07,CONT_TEST_pin16,CONT,1888,1876,12,0.006355932203389831,0.6420039855296106,0.011534584589945652,0.5628,0.7212000000000001,0.6074002317597736,0.6766077392994475,0.5958656471698279,0.6881423238893932,0.5843310625798823,0.6996769084793388,0.5727964779899366,0.7112114930692846,FOR ENGG REVIEW
2026-07,CONT_TEST_pin17,CONT,1888,1874,14,0.007415254237288136,0.6536125831720011,0.011406253194327616,0.5748,0.7332000000000001,0.6193938235890183,0.6878313427549839,0.6079875703946906,0.6992375959493116,0.596581317200363,0.7106438491436392,0.5851750640060354,0.7220501023379668,FOR ENGG REVIEW
2026-07,CONT_TEST_pin18,CONT,1888,1879,9,0.004766949152542373,0.6654771884176803,0.01157936716943807,0.5868,0.7452000000000001,0.6307390869093661,0.7002152899259946,0.619159719739928,0.7117946570954327,0.60758035257049,0.7233740242648706,0.596000985401052,0.7349533914343087,FOR ENGG REVIEW
2026-07,CONT_TEST_pin19,CONT,1888,1874,14,0.007415254237288136,0.678174032726259,0.011924453820394133,0.5988,0.7572000000000001,0.6424006712650766,0.7139473941874414,0.6304762174446824,0.7258718480078356,0.6185517636242883,0.7377963018282296,0.6066273098038941,0.7497207556486238,FOR ENGG REVIEW
2026-07,CONT_TEST_pin2,CONT,1888,1884,4,0.00211864406779661,0.4912104676152325,0.021432061424758064,0.39480000000000004,0.5532,0.4269142833409583,0.5555066518895067,0.40548222191620026,0.5769387133142647,0.3840501604914422,0.5983707747390228,0.36261809906668413,0.6198028361637808,FOR ENGG REVIEW
2026-07,CONT_TEST_pin20,CONT,1888,1871,17,0.009004237288135594,0.6898879548085661,0.011955552265429293,0.6108,0.7691999999999999,0.6540212980122783,0.725754611604854,0.6420657457468489,0.7377101638702833,0.6301101934814197,0.7496657161357125,0.6181546412159904,0.7616212684011419,FOR ENGG REVIEW
2026-07,CONT_TEST_pin3,CONT,1888,1888,0,0.0,0.502807856640988,0.02128724655133296,0.4068,0.5651999999999999,0.43894611698698915,0.5666695962949869,0.4176588704356562,0.5879568428463199,0.39637162388432323,0.6092440893976528,0.37508437733299027,0.6305313359489858,FOR ENGG REVIEW
2026-07,CONT_TEST_pin4,CONT,1888,1888,0,0.0,0.5147684162623881,0.02154721611606138,0.4188,0.5771999999999999,0.450126767914204,0.5794100646105722,0.4285795517981426,0.6009572807266337,0.4070323356820812,0.622504496842695,0.38548511956601983,0.6440517129587564,FOR ENGG REVIEW
2026-07,CONT_TEST_pin5,CONT,1888,1885,3,0.0015889830508474577,0.526532820009095,0.02186568522554235,0.4308,0.5892,0.4609357643324679,0.5921298756857221,0.4390700791069255,0.6139955609112644,0.4172043938813832,0.6358612461368067,0.39533870865584086,0.657726931362349,FOR ENGG REVIEW
2026-07,CONT_TEST_pin6,CONT,1888,1886,2,0.001059322033898305,0.5388268133491989,0.021443655789037983,0.4428,0.6012,0.47449584598208494,0.6031577807163129,0.453052190193047,0.6246014365053508,0.431608534404009,0.6460450922943888,0.410164878614971,0.6674887480834268,FOR ENGG REVIEW
2026-07,CONT_TEST_pin7,CONT,1888,1888,0,0.0,0.550653714917224,0.021832412147890466,0.45480000000000004,0.6132,0.48515647847355264,0.6161509513608954,0.46332406632566214,0.6379833635087859,0.4414916541777717,0.6598157756566764,0.41965924202988125,0.6816481878045668,FOR ENGG REVIEW
2026-07,CONT_TEST_pin8,CONT,1888,1887,1,0.0005296610169491525,0.5626717739903968,0.02138564338149584,0.46680000000000005,0.6252,0.4985148438459093,0.6268287041348843,0.4771292004644134,0.6482143475163802,0.4557435570829176,0.669599990897876,0.43435791370142174,0.6909856342793719,FOR ENGG REVIEW
2026-07,CONT_TEST_pin9,CONT,1888,1879,9,0.004766949152542373,0.5460154403593692,0.018918373221718132,0.47880000000000006,0.6372,0.4892603206942148,0.6027705600245237,0.4703419474724967,0.6216889332462417,0.45142357425077856,0.6406073064679598,0.4325052010290604,0.659525679689678,FOR ENGG REVIEW
2026-07,FUNC1_test_param1,FUNC1,1888,1799,89,0.047139830508474576,17.002289657128916,0.20259604893074587,15.781999999999998,18.157999999999998,16.394501510336678,17.610077803921154,16.191905461405934,17.812673852851898,15.989309412475187,18.015269901782645,15.786713363544441,18.217865950713392,FOR ENGG REVIEW
2026-07,FUNC1_test_param10,FUNC1,1888,1873,15,0.007944915254237288,18.50036654184235,0.17455271801634756,17.312,19.688,17.97670838779331,19.02402469589139,17.80215566977696,19.198577413907742,17.62760295176061,19.37313013192409,17.453050233744264,19.547682849940436,FOR ENGG REVIEW
2026-07,FUNC1_test_param11,FUNC1,1888,1865,23,0.012182203389830509,18.669975339747836,0.17085630388504647,17.482000000000003,19.858,18.157406428092695,19.182544251402977,17.98655012420765,19.353400555288022,17.815693820322604,19.524256859173068,17.64483751643756,19.695113163058114,FOR ENGG REVIEW
2026-07,FUNC1_test_param12,FUNC1,1888,1873,15,0.007944915254237288,18.842132537331327,0.17428230605265843,17.652,20.028,18.319285619173353,19.3649794554893,18.145003313120693,19.53926176154196,17.970721007068036,19.71354406759462,17.796438701015376,19.88782637364728,FOR ENGG REVIEW
2026-07,FUNC1_test_param13,FUNC1,1888,1868,20,0.01059322033898305,19.011898972924918,0.173022780488811,17.822,20.197999999999997,18.492830631458485,19.53096731439135,18.319807850969674,19.70399009488016,18.146785070480863,19.877012875368973,17.973762289992052,20.050035655857783,FOR ENGG REVIEW
2026-07,FUNC1_test_param14,FUNC1,1888,1878,10,0.005296610169491525,19.173231576677914,0.17722094527255236,17.992,20.368,18.641568740860258,19.70489441249557,18.464347795587706,19.88211535776812,18.28712685031515,20.059336303040677,18.1099059050426,20.23655724831323,FOR ENGG REVIEW
2026-07,FUNC1_test_param15,FUNC1,1888,1868,20,0.01059322033898305,19.34950177170984,0.17196290802342531,18.162000000000003,20.538,18.833613047639563,19.865390495780115,18.66165013961614,20.03735340380354,18.48968723159271,20.209316311826967,18.317724323569287,20.38127921985039,FOR ENGG REVIEW
2026-07,FUNC1_test_param16,FUNC1,1888,1878,10,0.005296610169491525,19.52174785338381,0.1772093743330283,18.332000000000004,20.708000000000002,18.990119730384727,20.053375976382895,18.8129103560517,20.230585350715923,18.63570098171867,20.40779472504895,18.458491607385643,20.58500409938198,FOR ENGG REVIEW
2026-07,FUNC1_test_param17,FUNC1,1888,1868,20,0.01059322033898305,19.687898806573248,0.17453135780796714,18.502000000000002,20.878,19.164304733149347,20.21149287999715,18.98977337534138,20.386024237805117,18.81524201753341,20.560555595613085,18.640710659725446,20.73508695342105,FOR ENGG REVIEW
2026-07,FUNC1_test_param18,FUNC1,1888,1880,8,0.00423728813559322,19.855486642507646,0.17389109512701484,18.672,21.048,19.3338133571266,20.37715992788869,19.159922261999586,20.551051023015706,18.98603116687257,20.72494211814272,18.812140071745556,20.898833213269736,FOR ENGG REVIEW
2026-07,FUNC1_test_param19,FUNC1,1888,1868,20,0.01059322033898305,20.038311716343916,0.17783338950272579,18.842000000000002,21.218,19.50481154783574,20.571811884852092,19.326978158333013,20.74964527435482,19.149144768830286,20.927478663857546,18.97131137932756,21.105312053360272,FOR ENGG REVIEW
2026-07,FUNC1_test_param2,FUNC1,1888,1812,76,0.04025423728813559,17.175922199173925,0.20841818002352747,15.952,18.328,16.550667659103343,17.801176739244507,16.342249479079815,18.009594919268036,16.13383129905629,18.21801309929156,15.925413119032761,18.42643127931509,FOR ENGG REVIEW
2026-07,FUNC1_test_param20,FUNC1,1888,1873,15,0.007944915254237288,20.209349403696717,0.17316125172867827,19.012000000000004,21.388,19.689865648510683,20.72883315888275,19.516704396782004,20.90199441061143,19.343543145053324,21.07515566234011,19.170381893324645,21.248316914068788,FOR ENGG REVIEW
2026-07,FUNC1_test_param3,FUNC1,1888,1783,105,0.055614406779661014,17.33487819436167,0.19329421652640694,16.122000000000003,18.498,16.75499554478245,17.914760843940893,16.561701328256042,18.1080550604673,16.36840711172964,18.301349276993705,16.17511289520323,18.494643493520112,FOR ENGG REVIEW
2026-07,FUNC1_test_param4,FUNC1,1888,1797,91,0.048199152542372885,17.503736999067975,0.20589190506984426,16.292,18.668,16.886061283858442,18.121412714277508,16.680169378788598,18.327304619347352,16.474277473718754,18.533196524417196,16.26838556864891,18.73908842948704,FOR ENGG REVIEW
2026-07,FUNC1_test_param5,FUNC1,1888,1789,99,0.0524364406779661,17.680061102502282,0.20890911172892504,16.462,18.837999999999997,17.053333767315507,18.306788437689058,16.844424655586582,18.515697549417983,16.635515543857657,18.724606661146908,16.426606432128732,18.933515772875833,FOR ENGG REVIEW
2026-07,FUNC1_test_param6,FUNC1,1888,1789,99,0.0524364406779661,17.836420171300045,0.19096837530074803,16.632,19.008,17.2635150453978,18.40932529720229,17.072546670097054,18.600293672503035,16.881578294796306,18.791262047803784,16.690609919495557,18.982230423104532,FOR ENGG REVIEW
2026-07,FUNC1_test_param7,FUNC1,1888,1877,11,0.005826271186440678,17.99156119708872,0.17742384637961772,16.802000000000003,19.178,17.459289657949867,18.523832736227575,17.28186581157025,18.701256582607193,17.10444196519063,18.87868042898681,16.927018118811016,19.056104275366426,FOR ENGG REVIEW
2026-07,FUNC1_test_param8,FUNC1,1888,1882,6,0.0031779661016949155,18.160162373990275,0.17493972169243974,16.972,19.348,17.635343208912957,18.684981539067593,17.460403487220518,18.859921260760032,17.285463765528075,19.034860982452475,17.110524043835635,19.209800704144914,FOR ENGG REVIEW
2026-07,FUNC1_test_param9,FUNC1,1888,1865,23,0.012182203389830509,18.319751976328376,0.17167364306966937,17.142,19.517999999999997,17.80473104711937,18.834772905537385,17.633057404049698,19.006446548607055,17.46138376098003,19.178120191676722,17.28971011791036,19.349793834746393,FOR ENGG REVIEW
2026-07,FUNC2_test_param1,FUNC2,1888,1825,63,0.03336864406779661,20.370181795730396,0.21961105667618153,19.182000000000002,21.558,19.711348625701852,21.02901496575894,19.49173756902567,21.248626022435122,19.272126512349487,21.468237079111304,19.05251545567331,21.687848135787483,FOR ENGG REVIEW
2026-07,FUNC2_test_param10,FUNC2,1888,1875,13,0.006885593220338983,21.903428360188666,0.17582269461659067,20.712,23.087999999999997,21.375960276338894,22.43089644403844,21.200137581722302,22.60671913865503,21.024314887105714,22.78254183327162,20.848492192489122,22.95836452788821,FOR ENGG REVIEW
2026-07,FUNC2_test_param11,FUNC2,1888,1870,18,0.009533898305084746,22.067393200400257,0.16921998571392424,20.882,23.258,21.559733243258485,22.57505315754203,21.390513257544562,22.744273143255953,21.221293271830636,22.91349312896988,21.052073286116713,23.082713114683802,FOR ENGG REVIEW
2026-07,FUNC2_test_param12,FUNC2,1888,1872,16,0.00847457627118644,22.247147739705756,0.16774097233085106,21.052000000000003,23.428,21.743924822713204,22.75037065669831,21.576183850382353,22.91811162902916,21.408442878051503,23.08585260136001,21.24070190572065,23.253593573690864,FOR ENGG REVIEW
2026-07,FUNC2_test_param13,FUNC2,1888,1869,19,0.010063559322033898,22.418241438130714,0.17220779882195508,21.222,23.598,21.90161804166485,22.934864834596578,21.729410242842892,23.107072633418536,21.557202444020938,23.27928043224049,21.384994645198983,23.451488231062445,FOR ENGG REVIEW
2026-07,FUNC2_test_param14,FUNC2,1888,1880,8,0.00423728813559322,22.582554544608556,0.17965967658071313,21.392,23.767999999999997,22.043575514866415,23.121533574350696,21.863915838285703,23.30119325093141,21.68425616170499,23.48085292751212,21.504596485124278,23.660512604092833,FOR ENGG REVIEW
2026-07,FUNC2_test_param15,FUNC2,1888,1876,12,0.006355932203389831,22.751705499490694,0.17480796936828655,21.562,23.938,22.227281591385832,23.276129407595555,22.052473622017548,23.45093737696384,21.87766565264926,23.625745346332128,21.702857683280975,23.800553315700412,FOR ENGG REVIEW
2026-07,FUNC2_test_param16,FUNC2,1888,1875,13,0.006885593220338983,22.923415560504942,0.17154370822145254,21.732000000000003,24.108,22.408784435840584,23.4380466851693,22.23724072761913,23.609590393390754,22.06569701939768,23.781134101612206,21.894153311176225,23.95267780983366,FOR ENGG REVIEW
2026-07,FUNC2_test_param17,FUNC2,1888,1866,22,0.011652542372881356,23.092515645459244,0.17097294619556874,21.902000000000005,24.278000000000002,22.579596806872537,23.60543448404595,22.40862386067697,23.77640743024152,22.2376509144814,23.94738037643709,22.06667796828583,24.118353322632657,FOR ENGG REVIEW
2026-07,FUNC2_test_param18,FUNC2,1888,1878,10,0.005296610169491525,23.25458050314739,0.18199594029279892,22.072000000000003,24.448,22.708592682268993,23.80056832402579,22.526596741976196,23.982564264318587,22.344600801683395,24.164560204611387,22.162604861390598,24.346556144904184,FOR ENGG REVIEW
2026-07,FUNC2_test_param19,FUNC2,1888,1871,17,0.009004237288135594,23.434871629655614,0.17339354904090898,22.242,24.618,22.914690982532885,23.955052276778343,22.74129743349198,24.12844582581925,22.56790388445107,24.301839374860158,22.39451033541016,24.475232923901068,FOR ENGG REVIEW
2026-07,FUNC2_test_param2,FUNC2,1888,1828,60,0.03177966101694915,20.550696755599542,0.22600347775740978,19.352,21.727999999999998,19.87268632232731,21.228707188871773,19.646682844569902,21.454710666629182,19.420679366812493,21.68071414438659,19.194675889055084,21.906717622144,FOR ENGG REVIEW
2026-07,FUNC2_test_param20,FUNC2,1888,1870,18,0.009533898305084746,23.602854681929077,0.17210513588449633,22.412000000000003,24.788,23.086539274275587,24.119170089582568,22.91443413839109,24.291275225467064,22.742329002506597,24.463380361351557,22.5702238666221,24.635485497236054,FOR ENGG REVIEW
2026-07,FUNC2_test_param3,FUNC2,1888,1823,65,0.034427966101694914,20.706916696278782,0.21790998681310117,19.522000000000002,21.898,20.05318673583948,21.360646656718085,19.835276749026377,21.578556643531186,19.617366762213276,21.796466630344288,19.399456775400175,22.01437661715739,FOR ENGG REVIEW
2026-07,FUNC2_test_param4,FUNC2,1888,1820,68,0.036016949152542374,20.888359146752915,0.22007363744970346,19.692000000000004,22.068,20.228138234403804,21.548580059102026,20.0080645969541,21.76865369655173,19.7879909595044,21.98872733400143,19.567917322054694,22.208800971451137,FOR ENGG REVIEW
2026-07,FUNC2_test_param5,FUNC2,1888,1820,68,0.036016949152542374,21.05112950617293,0.2216585624159729,19.862000000000002,22.238,20.386153818925013,21.716105193420848,20.16449525650904,21.937763755836823,19.942836694093067,22.159422318252794,19.721178131677092,22.38108088066877,FOR ENGG REVIEW
2026-07,FUNC2_test_param6,FUNC2,1888,1879,9,0.004766949152542373,21.21969735619225,0.17262629904329438,20.032,22.407999999999998,20.701818459062366,21.737576253322132,20.529192160019072,21.910202552365426,20.356565860975778,22.08282885140872,20.183939561932483,22.255455150452015,FOR ENGG REVIEW
2026-07,FUNC2_test_param7,FUNC2,1888,1873,15,0.007944915254237288,21.393560801880767,0.1734745974548003,20.202,22.578,20.873137009516366,21.913984594245168,20.699662412061567,22.087459191699967,20.526187814606764,22.26093378915477,20.352713217151965,22.43440838660957,FOR ENGG REVIEW
2026-07,FUNC2_test_param8,FUNC2,1888,1871,17,0.009004237288135594,21.558334275928956,0.1747279661341675,20.372000000000003,22.748,21.034150377526455,22.082518174331458,20.859422411392288,22.257246140465625,20.68469444525812,22.431974106599792,20.509966479123953,22.60670207273396,FOR ENGG REVIEW
2026-07,FUNC2_test_param9,FUNC2,1888,1874,14,0.007415254237288136,21.724878408476833,0.1740952843013108,20.542,22.918,21.202592555572902,22.247164261380764,21.02849727127159,22.421259545682076,20.85440198697028,22.595354829983386,20.680306702668968,22.769450114284698,FOR ENGG REVIEW
2026-07,LEAK_TEST_pin1,LEAK,1888,1877,11,0.005826271186440678,0.08213107715662382,0.00401402985158966,0.055600000000000004,0.1084,0.07008898760185484,0.09417316671139281,0.06607495775026519,0.09818719656298246,0.062060927898675525,0.10220122641457212,0.05804689804708586,0.10621525626616178,FOR ENGG REVIEW
2026-07,LEAK_TEST_pin10,LEAK,1888,1876,12,0.006355932203389831,0.100221570198394,0.0038367085234737933,0.0736,0.1264,0.08871144462797262,0.11173169576881539,0.08487473610449883,0.11556840429228918,0.08103802758102505,0.11940511281576296,0.07720131905755125,0.12324182133923677,FOR ENGG REVIEW
2026-07,LEAK_TEST_pin11,LEAK,1888,1874,14,0.007415254237288136,0.10181147522793597,0.003839754388599849,0.0756,0.12840000000000001,0.09029221206213643,0.11333073839373552,0.08645245767353658,0.11717049278233536,0.08261270328493672,0.12101024717093523,0.07877294889633688,0.12485000155953507,FOR ENGG REVIEW
2026-07,LEAK_TEST_pin12,LEAK,1888,1872,16,0.00847457627118644,0.10404384858894705,0.0039450637866576795,0.0776,0.13040000000000002,0.092208657228974,0.1158790399489201,0.08826359344231634,0.11982410373557777,0.08431852965565866,0.12376916752223545,0.08037346586900097,0.12771423130889314,FOR ENGG REVIEW
2026-07,LEAK_TEST_pin13,LEAK,1888,1878,10,0.005296610169491525,0.10622460228477246,0.0038777322395125006,0.0796,0.13240000000000002,0.09459140556623495,0.11785779900330996,0.09071367332672245,0.12173553124282246,0.08683594108720996,0.12561326348233495,0.08295820884769745,0.12949099572184747,FOR ENGG REVIEW
2026-07,LEAK_TEST_pin14,LEAK,1888,1870,18,0.009533898305084746,0.10807135960817703,0.0037712127310220605,0.0816,0.1344,0.09675772141511085,0.1193849978012432,0.09298650868408878,0.12315621053226528,0.08921529595306672,0.12692742326328732,0.08544408322204466,0.1306986359943094,FOR ENGG REVIEW
2026-07,LEAK_TEST_pin15,LEAK,1888,1875,13,0.006885593220338983,0.11006616758410966,0.003842815897887233,0.08360000000000001,0.1364,0.09853771989044796,0.12159461527777135,0.09469490399256072,0.1254374311756586,0.09085208809467349,0.12928024707354582,0.08700927219678625,0.13312306297143306,FOR ENGG REVIEW
2026-07,LEAK_TEST_pin16,LEAK,1888,1883,5,0.0026483050847457626,0.11195270541066729,0.003913260645079934,0.08560000000000001,0.1384,0.10021292347542748,0.1236924873459071,0.09629966283034755,0.12760574799098703,0.09238640218526761,0.13151900863606697,0.08847314154018769,0.1354322692811469,FOR ENGG REVIEW
2026-07,LEAK_TEST_pin17,LEAK,1888,1872,16,0.00847457627118644,0.11392119157785778,0.0038199219221303885,0.08760000000000001,0.1404,0.10246142581146661,0.12538095734424895,0.09864150388933622,0.12920087926637933,0.09482158196720583,0.13302080118850973,0.09100166004507546,0.1368407231106401,FOR ENGG REVIEW
2026-07,LEAK_TEST_pin18,LEAK,1888,1875,13,0.006885593220338983,0.11593962700458608,0.003968044709420748,0.08960000000000001,0.1424,0.10403549287632384,0.12784376113284834,0.10006744816690309,0.1318118058422691,0.09609940345748234,0.13577985055168984,0.0921313587480616,0.1397478952611106,FOR ENGG REVIEW
2026-07,LEAK_TEST_pin19,LEAK,1888,1865,23,0.012182203389830509,0.118075177878021,0.003804738976688501,0.09159999999999999,0.1444,0.1066609609479555,0.12948939480808652,0.10285622197126701,0.133294133784775,0.0990514829945785,0.1370988727614635,0.09524674401789,0.14090361173815202,FOR ENGG REVIEW
2026-07,LEAK_TEST_pin2,LEAK,1888,1870,18,0.009533898305084746,0.08403577646229153,0.00376615984493208,0.057600000000000005,0.1104,0.0727372969274953,0.09533425599708777,0.06897113708256321,0.09910041584201985,0.06520497723763113,0.10286657568695193,0.061438817392699054,0.10663273553188402,FOR ENGG REVIEW
2026-07,LEAK_TEST_pin20,LEAK,1888,1865,23,0.012182203389830509,0.11995902954572557,0.0038361926385504738,0.09359999999999999,0.1464,0.10845045163007415,0.13146760746137698,0.10461425899152367,0.13530380009992746,0.1007780663529732,0.13913999273847794,0.09694187371442273,0.14297618537702841,FOR ENGG REVIEW
2026-07,LEAK_TEST_pin3,LEAK,1888,1876,12,0.006355932203389831,0.08614135029605334,0.003952585407716308,0.05960000000000001,0.1124,0.07428359407290441,0.09799910651920227,0.0703310086651881,0.10195169192691858,0.0663784232574718,0.10590427733463488,0.062425837849755486,0.1098568627423512,FOR ENGG REVIEW
2026-07,LEAK_TEST_pin4,LEAK,1888,1879,9,0.004766949152542373,0.08799717337359231,0.004013526831403797,0.061599999999999995,0.1144,0.07595659287938092,0.1000377538678037,0.07194306604797712,0.1040512806992075,0.06792953921657333,0.10806480753061129,0.06391601238516953,0.11207833436201509,FOR ENGG REVIEW
2026-07,LEAK_TEST_pin5,LEAK,1888,1869,19,0.010063559322033898,0.08987596476179105,0.0038436449614464587,0.06359999999999999,0.1164,0.07834502987745168,0.10140689964613042,0.07450138491600522,0.10525054460757688,0.07065773995455876,0.10909418956902334,0.0668140949931123,0.1129378345304698,FOR ENGG REVIEW
2026-07,LEAK_TEST_pin6,LEAK,1888,1876,12,0.006355932203389831,0.09186246725006605,0.0039297694020764325,0.06559999999999999,0.1184,0.08007315904383676,0.10365177545629535,0.07614338964176032,0.10758154485837179,0.07221362023968389,0.11151131426044822,0.06828385083760746,0.11544108366252465,FOR ENGG REVIEW
2026-07,LEAK_TEST_pin7,LEAK,1888,1878,10,0.005296610169491525,0.09395873327863348,0.003921174014858427,0.0676,0.12040000000000001,0.0821952112340582,0.10572225532320877,0.07827403721919977,0.10964342933806719,0.07435286320434134,0.11356460335292562,0.07043168918948292,0.11748577736778404,FOR ENGG REVIEW
2026-07,LEAK_TEST_pin8,LEAK,1888,1876,12,0.006355932203389831,0.0958977782728584,0.003906878396375232,0.0696,0.12240000000000001,0.08417714308373271,0.1076184134619841,0.08027026468735748,0.11152529185835933,0.07636338629098224,0.11543217025473457,0.07245650789460702,0.1193390486511098,FOR ENGG REVIEW
2026-07,LEAK_TEST_pin9,LEAK,1888,1879,9,0.004766949152542373,0.09809291314250979,0.003910916704293286,0.0716,0.12440000000000001,0.08636016302962993,0.10982566325538964,0.08244924632533664,0.11373657995968293,0.07853832962104335,0.11764749666397623,0.07462741291675007,0.1215584133682695,FOR ENGG REVIEW
2026-07,POST_CONT_TEST_pin1,POST_CONT,1888,1630,258,0.13665254237288135,0.462492006729955,0.011467073449544639,0.38280000000000003,0.5412,0.4280907863813211,0.4968932270785889,0.41662371293177647,0.5083603005281335,0.4051566394822318,0.5198273739776782,0.3936895660326872,0.5312944474272229,FOR ENGG REVIEW
2026-07,POST_CONT_TEST_pin10,POST_CONT,1888,1873,15,0.007944915254237288,0.5697860710993801,0.01165440616832038,0.49080000000000007,0.6492,0.534822852594419,0.6047492896043412,0.5231684464260985,0.6164036957726616,0.5115140402577781,0.628058101940982,0.49985963408945777,0.6397125081093024,FOR ENGG REVIEW
2026-07,POST_CONT_TEST_pin2,POST_CONT,1888,1630,258,0.13665254237288135,0.47360410697794886,0.011674844419758827,0.39480000000000004,0.5532,0.4385795737186724,0.5086286402372253,0.42690472929891354,0.5203034846569842,0.41522988487915474,0.531978329076743,0.4035550404593959,0.5436531734965018,FOR ENGG REVIEW
2026-07,POST_CONT_TEST_pin3,POST_CONT,1888,1631,257,0.1361228813559322,0.48644459197897816,0.012048700406131289,0.4068,0.5651999999999999,0.4502984907605843,0.5225906931973721,0.438249790354453,0.5346393936035033,0.42620108994832173,0.5466880940096346,0.4141523895421904,0.5587367944157658,FOR ENGG REVIEW
2026-07,POST_CONT_TEST_pin4,POST_CONT,1888,1627,261,0.1382415254237288,0.49791738323615287,0.011703837637280388,0.4188,0.5771999999999999,0.4628058703243117,0.533028896147994,0.4511020326870313,0.5447327337852744,0.4393981950497509,0.5564365714225548,0.4276943574124705,0.5681404090598352,FOR ENGG REVIEW
2026-07,POST_CONT_TEST_pin5,POST_CONT,1888,1628,260,0.13771186440677965,0.5103234423751752,0.011214745941910995,0.4308,0.5892,0.47667920454944224,0.5439676802009082,0.4654644586075313,0.5551824261428192,0.45424971266562025,0.5663971720847302,0.44303496672370923,0.5776119180266412,FOR ENGG REVIEW
2026-07,POST_CONT_TEST_pin6,POST_CONT,1888,1849,39,0.02065677966101695,0.5219583318120493,0.011130535510418213,0.4428,0.6012,0.4885667252807947,0.5553499383433039,0.47743618977037644,0.5664804738537221,0.46630565425995824,0.5776110093641403,0.45517511874954003,0.5887415448745585,FOR ENGG REVIEW
2026-07,POST_CONT_TEST_pin7,POST_CONT,1888,1875,13,0.006885593220338983,0.5344445317191383,0.011875427523529176,0.45480000000000004,0.6132,0.4988182491485508,0.5700708142897258,0.4869428216250216,0.581946241813255,0.47506739410149246,0.5938216693367842,0.46319196657796324,0.6056970968603134,FOR ENGG REVIEW
2026-07,POST_CONT_TEST_pin8,POST_CONT,1888,1874,14,0.007415254237288136,0.5459647909444489,0.01160509650181868,0.46680000000000005,0.6252,0.5111495014389928,0.580780080449905,0.4995444049371742,0.5923851769517237,0.48793930843535555,0.6039902734535423,0.47633421193353687,0.615595369955361,FOR ENGG REVIEW
2026-07,POST_CONT_TEST_pin9,POST_CONT,1888,1874,14,0.007415254237288136,0.5578082905699636,0.011779484671337603,0.47880000000000006,0.6372,0.5224698365559508,0.5931467445839764,0.5106903518846132,0.604926229255314,0.4989108672132756,0.6167057139266516,0.487131382541938,0.6284851985979892,FOR ENGG REVIEW
2026-07,POST_LEAK_TEST_pin1,POST_LEAK,1888,1879,9,0.004766949152542373,0.08186504959952579,0.003902482078253534,0.055600000000000004,0.1084,0.07015760336476519,0.09357249583428638,0.06625512128651165,0.09747497791253992,0.06235263920825812,0.10137745999079345,0.05845015713000458,0.10527994206904699,FOR ENGG REVIEW
2026-07,POST_LEAK_TEST_pin10,POST_LEAK,1888,1875,13,0.006885593220338983,0.10007950318882122,0.003788280119674459,0.0736,0.1264,0.08871466282979784,0.1114443435478446,0.08492638271012339,0.11523262366751906,0.08113810259044893,0.11902090378719352,0.07734982247077447,0.12280918390686797,FOR ENGG REVIEW
2026-07,POST_LEAK_TEST_pin2,POST_LEAK,1888,1876,12,0.006355932203389831,0.08406156651960689,0.004001198895271077,0.057600000000000005,0.1104,0.07205796983379366,0.09606516320542012,0.06805677093852258,0.1000663621006912,0.0640555720432515,0.10406756099596227,0.06005437314798043,0.10806875989123335,FOR ENGG REVIEW
2026-07,POST_LEAK_TEST_pin3,POST_LEAK,1888,1880,8,0.00423728813559322,0.0858433720463417,0.003977909398970523,0.05960000000000001,0.1124,0.07390964384943012,0.09777710024325327,0.06993173445045961,0.10175500964222378,0.06595382505148908,0.1057329190411943,0.06197591565251856,0.10971082844016483,FOR ENGG REVIEW
2026-07,POST_LEAK_TEST_pin4,POST_LEAK,1888,1880,8,0.00423728813559322,0.08790752028824625,0.003951811243968305,0.061599999999999995,0.1144,0.07605208655634134,0.09976295402015116,0.07210027531237304,0.10371476526411946,0.06814846406840472,0.10766657650808778,0.06419665282443641,0.11161838775205608,FOR ENGG REVIEW
2026-07,POST_LEAK_TEST_pin5,POST_LEAK,1888,1875,13,0.006885593220338983,0.08982163243962375,0.003908924882772471,0.06359999999999999,0.1164,0.07809485779130634,0.10154840708794116,0.07418593290853387,0.10545733197071364,0.0702770080257614,0.10936625685348611,0.06636808314298892,0.11327518173625858,FOR ENGG REVIEW
2026-07,POST_LEAK_TEST_pin6,POST_LEAK,1888,1875,13,0.006885593220338983,0.09201743998168838,0.003959484193089979,0.06559999999999999,0.1184,0.08013898740241844,0.10389589256095831,0.07617950320932845,0.1078553767540483,0.07222001901623848,0.11181486094713827,0.0682605348231485,0.11577434514022825,FOR ENGG REVIEW
2026-07,POST_LEAK_TEST_pin7,POST_LEAK,1888,1867,21,0.011122881355932203,0.09392030350093566,0.0038840901210232762,0.0676,0.12040000000000001,0.08226803313786583,0.1055725738640055,0.07838394301684257,0.10945666398502876,0.07449985289581929,0.11334075410605204,0.070615762774796,0.11722484422707533,FOR ENGG REVIEW
2026-07,POST_LEAK_TEST_pin8,POST_LEAK,1888,1877,11,0.005826271186440678,0.0960410455125665,0.0038909959469749273,0.0696,0.12240000000000001,0.08436805767164171,0.10771403335349128,0.08047706172466679,0.1116050293004662,0.07658606577769186,0.11549602524744113,0.07269506983071693,0.11938702119441606,FOR ENGG REVIEW
2026-07,POST_LEAK_TEST_pin9,POST_LEAK,1888,1875,13,0.006885593220338983,0.09794052455419862,0.00396094191876161,0.0716,0.12440000000000001,0.08605769879791379,0.10982335031048344,0.08209675687915217,0.11378429222924506,0.07813581496039057,0.11774523414800667,0.07417487304162895,0.12170617606676828,FOR ENGG REVIEW
